1,Motorola Mobility LLC
2,Google LLC
3,Amazon Technologies Inc.
4,Amazon Technologies Inc.
5,Amazon Technologies Inc.
6,Amazon Technologies Inc.
7,Amazon Technologies Inc.
8,Public-services-3 NAT/PAT POOL in Prague
9,Public-services-3 NAT/PAT POOL in Prague
10,Facebook
11,Facebook
12,Unknown
13,Google LLC
14,Google LLC
15,Google LLC
16,Google LLC
17,Google LLC
18,Google LLC
19,Google LLC
20,Google LLC
21,Google LLC
22,Google LLC
23,Google LLC
24,Google LLC
25,Google LLC
26,Google LLC
27,Google LLC
28,Bilink ISP
29,PAT/NAT IP addresses POP 0118 for
30,Akamai Technologies
35,LinkedIn Corporation
36,"Amazon.com, Inc."
37,Google LLC
38,Google LLC
39,Google LLC
40,Google LLC
41,Fastly
42,Telegram Messenger Network
